<?xml version="1.0" encoding="ISO-8859-1"?><Invoice xmlns="urn:oasis:names:specification:ubl:schema:xsd:Invoice-2" xmlns:cac="urn:oasis:names:specification:ubl:schema:xsd:CommonAggregateComponents-2" xmlns:cbc="urn:oasis:names:specification:ubl:schema:xsd:CommonBasicComponents-2" xmlns:ds="http://www.w3.org/2000/09/xmldsig#" xmlns:ext="urn:oasis:names:specification:ubl:schema:xsd:CommonExtensionComponents-2" xmlns:ns10="urn:sunat:names:specification:ubl:peru:schema:xsd:SummaryDocuments-1" xmlns:ns11="urn:sunat:names:specification:ubl:peru:schema:xsd:VoidedDocuments-1" xmlns:ns12="urn:sunat:names:specification:ubl:peru:schema:xsd:Retention-1" xmlns:ns13="urn:oasis:names:specification:ubl:schema:xsd:DespatchAdvice-2" xmlns:ns5="urn:oasis:names:specification:ubl:schema:xsd:CreditNote-2" xmlns:ns6="urn:oasis:names:specification:ubl:schema:xsd:DebitNote-2" xmlns:qdt="urn:oasis:names:specification:ubl:schema:xsd:QualifiedDatatypes-2" xmlns:sac="urn:sunat:names:specification:ubl:peru:schema:xsd:SunatAggregateComponents-1">
    <ext:UBLExtensions>
        <ext:UBLExtension>
            <cbc:ID>CONDICIONPAGO</cbc:ID>
            <ext:ExtensionContent>
                <cbc:nameType><![CDATA[CREDITO]]></cbc:nameType>
            </ext:ExtensionContent>
        </ext:UBLExtension>
    
		<ext:UBLExtension>
			<ext:ExtensionContent><ds:Signature Id="signatureKG" xmlns:ds="http://www.w3.org/2000/09/xmldsig#"><ds:SignedInfo><ds:CanonicalizationMethod Algorithm="http://www.w3.org/TR/2001/REC-xml-c14n-20010315"/><ds:SignatureMethod Algorithm="http://www.w3.org/2000/09/xmldsig#rsa-sha1"/><ds:Reference URI=""><ds:Transforms><ds:Transform Algorithm="http://www.w3.org/2000/09/xmldsig#enveloped-signature"/></ds:Transforms><ds:DigestMethod Algorithm="http://www.w3.org/2000/09/xmldsig#sha1"/><ds:DigestValue>YziPkpO1r/FYh1oSAdcpTQsewww=</ds:DigestValue></ds:Reference></ds:SignedInfo><ds:SignatureValue>HXqmLDDol92meegWzwOwc6GZdTAMz25UPylC7+QQDwUcgofZaWNKvSmf7fsTpFqvAGwaXmmwIAnr&#13;
j1DeDAQN9Ij9IAQV1LA73oLvfNcXIqsXSX1a0N6XU590I1pHRuDvR9lRdS/w/lylKI1HLpk/GMDT&#13;
ePrB2QYs47jrkuQhNLBQBDe4X5JQ0DNS1xZTxBNqL9qppNfhzkkKgu/O8/mkE2OM+y4BMZdpqEbT&#13;
QlCJpBFrCb5XzeaTZP+nTSdZG0iuC03nZMD9FztPzeamOgbjqEwsdpokW887ZMUkVypJ3noXk4e3&#13;
0TEjpuAw8+5HhZGLKZaAnJZOdrQ6TwGTgN9u2g==</ds:SignatureValue><ds:KeyInfo><ds:X509Data><ds:X509Certificate>MIIFbDCCBFSgAwIBAgIIYIHOkKNlDh8wDQYJKoZIhvcNAQELBQAwRjEkMCIGA1UEAwwbTGxhbWEu&#13;
cGUgU0hBMjU2IFN0YW5kYXJkIENBMREwDwYDVQQKDAhMTEFNQS5QRTELMAkGA1UEBhMCUEUwHhcN&#13;
MjIwMzE3MTYxMzM4WhcNMjUwMzE2MTYxMzAwWjCCAQ4xMDAuBgNVBAkMJ0FWLiBSRVBVQkxJQ0Eg&#13;
REUgQ0hJTEUgTlJPLiA3NTEgRFBUTy4gQzEmMCQGCSqGSIb3DQEJARYXYXJtaWRhLm9jaG9hQGNs&#13;
b3NlMnUucGUxLDAqBgNVBAMMI1NPRlRXQVJFIERFIEZBQ1RVUkFDSU9OIEVMRUNUUk9OSUNBMSww&#13;
KgYDVQQLDCNGQUNUVVJBIEVMRUNUUk9OSUNBIFJVQyAyMDU0OTc3Njk3NDEhMB8GA1UECwwYVmFs&#13;
aWRhZG8gcG9yIExsYW1hLnBlIEVSMRcwFQYDVQQKDA5DTE9TRTJVIFMuQS5DLjENMAsGA1UEBwwE&#13;
TElNQTELMAkGA1UEBhMCUEUwggEiMA0GCSqGSIb3DQEBAQUAA4IBDwAwggEKAoIBAQCgsJLG0CAQ&#13;
fkhrtLorgWDeYES8RezmfukCDJYJnhi4A7AWS5TKGXOyhsi+wg2f2ldi0jlqcjRYtx2RgksGGPZa&#13;
ShsTvUe7lZIk4YsjrygQzubuJmToipPTKObR28sF1NjVZNbBekrHrhjZtZEC8H8ChD3KTu//nLEO&#13;
A6kGCKR6vH8exIeqVMUUTDvXqTuA/YNxth24+t8GYSKqc62OGo/HLEibon7Pyhe/jpEB8k5COvSy&#13;
z1ruRfGx+f0AyynGUVsS5XlX5AWCW7TkxICXKD0dvjfIdoj6ahESTW4BlkdzVETIzUQW2/leF97v&#13;
sMS0il3VfejkSCqFPuRAx5i4STNvAgMBAAGjggGSMIIBjjAMBgNVHRMBAf8EAjAAMB8GA1UdIwQY&#13;
MBaAFF2IW63rZfv+aKLk2W89V3Ki7yuZMGcGCCsGAQUFBwEBBFswWTA1BggrBgEFBQcwAoYpaHR0&#13;
cDovL2NydC5sbGFtYS5wZS9sbGFtYXBlc3RhbmRhcmRjYS5jZXIwIAYIKwYBBQUHMAGGFGh0dHA6&#13;
Ly9vY3NwLmxsYW1hLnBlMCIGA1UdEQQbMBmBF2FybWlkYS5vY2hvYUBjbG9zZTJ1LnBlMEYGA1Ud&#13;
IAQ/MD0wOwYNKwYBBAGDl3cAAQADATAqMCgGCCsGAQUFBwIBFhxodHRwczovL2xsYW1hLnBlL3Jl&#13;
cG9zaXRvcnkvMB0GA1UdJQQWMBQGCCsGAQUFBwMCBggrBgEFBQcDBDA6BgNVHR8EMzAxMC+gLaAr&#13;
hilodHRwOi8vY3JsLmxsYW1hLnBlL2xsYW1hcGVzdGFuZGFyZGNhLmNybDAdBgNVHQ4EFgQUhlz0&#13;
r5Lu76CP00HwHRwzHZk0CakwDgYDVR0PAQH/BAQDAgbAMA0GCSqGSIb3DQEBCwUAA4IBAQCnNo+6&#13;
igG4n8GOxgN+U3Bpr2u5roNDc+D1Hl+HyViNWLFKwKr4UX3XzJ63BdNF4CT1uFTXkGopj3SCFZv2&#13;
lerQDmHpTAQ1jpFASyzxdDdXu8hMsaj/htt5qM4tRSXEOOZ3LyKUHOHk9D9fWyiIc6CoCMGqRQBQ&#13;
pE/oaLAROWy21QrEiFXlpJ2sy7t/9n5HRXiU0w1yab1JxnLW8BWAOdTbysnKPwsVSqzYdYEFxAAA&#13;
kCGJI4upll+pXWegti02lzsgTb8I7TPfJB0BqbRDoEr5VYbw0EMG9J+L2C9qcK5tdFfEBbhtjrJM&#13;
vpc0FDeWgocWXqs89k6FfLiVODAtYfrq</ds:X509Certificate></ds:X509Data><ds:KeyValue><ds:RSAKeyValue><ds:Modulus>oLCSxtAgEH5Ia7S6K4Fg3mBEvEXs5n7pAgyWCZ4YuAOwFkuUyhlzsobIvsINn9pXYtI5anI0WLcd&#13;
kYJLBhj2WkobE71Hu5WSJOGLI68oEM7m7iZk6IqT0yjm0dvLBdTY1WTWwXpKx64Y2bWRAvB/AoQ9&#13;
yk7v/5yxDgOpBgikerx/HsSHqlTFFEw716k7gP2DcbYduPrfBmEiqnOtjhqPxyxIm6J+z8oXv46R&#13;
AfJOQjr0ss9a7kXxsfn9AMspxlFbEuV5V+QFglu05MSAlyg9Hb43yHaI+moREk1uAZZHc1REyM1E&#13;
Ftv5Xhfe77DEtIpd1X3o5EgqhT7kQMeYuEkzbw==</ds:Modulus><ds:Exponent>AQAB</ds:Exponent></ds:RSAKeyValue></ds:KeyValue></ds:KeyInfo></ds:Signature></ext:ExtensionContent>
		</ext:UBLExtension>
	</ext:UBLExtensions>
    <cbc:UBLVersionID>2.1</cbc:UBLVersionID>
    <cbc:CustomizationID schemeName="PE:SUNAT">2.0</cbc:CustomizationID>
    <cbc:ID>B007-5150</cbc:ID>
    <cbc:IssueDate>2024-12-09</cbc:IssueDate>
    <cbc:IssueTime>15:37:24</cbc:IssueTime>
    <cbc:DueDate>2025-01-02</cbc:DueDate>
    <cbc:InvoiceTypeCode listAgencyID="PE:SUNAT" listID="0101" listName="Tipo de Documento" listSchemeURI="urn:pe:gob:sunat:cpe:see:gem:catalogos:catalogo51" listURI="urn:pe:gob:sunat:cpe:see:gem:catalogos:catalogo01" name="Tipo de Operacion">03</cbc:InvoiceTypeCode>
    <cbc:Note languageLocaleID="1000"><![CDATA[UN MIL CIENTO DIEZ  Y 77/100  D]]>&#211;<![CDATA[LARES AMERICANOS]]></cbc:Note>
    <cbc:Note><![CDATA[N  01-F004-0005139  OS-100006679  PLACA-CFT-304  FORD  Territory  TITANIUM  Azul  15599Km SINIESTRO 883615 CASO 3717413 PERITO WENDY GIL MILLER]]></cbc:Note>
    <cbc:DocumentCurrencyCode listAgencyName="United Nations Economic Commission for Europe" listID="ISO 4217 Alpha" listName="Currency">USD</cbc:DocumentCurrencyCode>
    <cac:Signature>
        <cbc:ID>IDSignKG</cbc:ID>
        <cac:SignatoryParty>
            <cac:PartyIdentification>
                <cbc:ID>10223161419</cbc:ID>
            </cac:PartyIdentification>
            <cac:PartyName>
                <cbc:Name><![CDATA[LEON AUTOS S.A.]]></cbc:Name>
            </cac:PartyName>
            <cac:Contact>
                <cbc:Name><![CDATA[Elvis Medrano]]></cbc:Name>
                <cbc:Telephone/>
                <cbc:Telefax/>
                <cbc:ElectronicMail/>
            </cac:Contact>
        </cac:SignatoryParty>
        <cac:DigitalSignatureAttachment>
            <cac:ExternalReference>
                <cbc:URI>signatureKG</cbc:URI>
            </cac:ExternalReference>
        </cac:DigitalSignatureAttachment>
    </cac:Signature>
    <cac:AccountingSupplierParty>
        <cac:Party>
            <cac:PartyIdentification>
                <cbc:ID schemeAgencyName="PE:SUNAT" schemeID="6" schemeName="Documento de Identidad" schemeURI="urn:pe:gob:sunat:cpe:see:gem:catalogos:catalogo06">10223161419</cbc:ID>
            </cac:PartyIdentification>
            <cac:PartyName>
                <cbc:Name><![CDATA[LEON AUTOS S.A.]]></cbc:Name>
            </cac:PartyName>
            <cac:PartyLegalEntity>
                <cbc:RegistrationName><![CDATA[LEON AUTOS S.A.]]></cbc:RegistrationName>
                <cac:RegistrationAddress>
                    <cbc:ID schemeAgencyName="PE:INEI" schemeName="Ubigeos">150101</cbc:ID>
                    <cbc:AddressTypeCode>0000</cbc:AddressTypeCode>
                    <cac:AddressLine>
                        <cbc:Line><![CDATA[MI DIRECCION]]></cbc:Line>
                    </cac:AddressLine>
                </cac:RegistrationAddress>
            </cac:PartyLegalEntity>
        </cac:Party>
    </cac:AccountingSupplierParty>
    <cac:AccountingCustomerParty>
        <cac:Party>
            <cac:PartyIdentification>
                <cbc:ID schemeAgencyName="PE:SUNAT" schemeID="6" schemeName="Documento de Identidad" schemeURI="urn:pe:gob:sunat:cpe:see:gem:catalogos:catalogo06">20100041953</cbc:ID>
            </cac:PartyIdentification>
            <cac:PartyLegalEntity>
                <cbc:RegistrationName><![CDATA[RIMAC SEGUROS Y REASEGUROS]]></cbc:RegistrationName>
                <cac:RegistrationAddress>
                    <cbc:CityName><![CDATA[LIMA]]></cbc:CityName>
                    <cbc:CountrySubentity><![CDATA[15]]></cbc:CountrySubentity>
                    <cbc:District><![CDATA[SAN ISIDRO]]></cbc:District>
                    <cac:AddressLine>
                        <cbc:Line><![CDATA[AV. PASEO DE LA REPUBLICA NRO. 3505 URB. LIMATAMBO]]></cbc:Line>
                    </cac:AddressLine>
                    <cac:Country>
                        <cbc:IdentificationCode>PE</cbc:IdentificationCode>
                    </cac:Country>
                </cac:RegistrationAddress>
            </cac:PartyLegalEntity>
        </cac:Party>
    </cac:AccountingCustomerParty>
    <cac:PaymentMeans>
        <cbc:PaymentMeansCode listAgencyName="PE:SUNAT" listName="Medio de pago" listURI="urn:pe:gob:sunat:cpe:see:gem:catalogos:catalogo59">999</cbc:PaymentMeansCode>
    </cac:PaymentMeans>
    <cac:TaxTotal>
        <cbc:TaxAmount currencyID="USD">169.44</cbc:TaxAmount>
        <cac:TaxSubtotal>
            <cbc:TaxableAmount currencyID="USD">941.33</cbc:TaxableAmount>
            <cbc:TaxAmount currencyID="USD">169.44</cbc:TaxAmount>
            <cac:TaxCategory>
                <cbc:Percent>18</cbc:Percent>
                <cac:TaxScheme>
                    <cbc:ID>1000</cbc:ID>
                    <cbc:Name><![CDATA[IGV]]></cbc:Name>
                    <cbc:TaxTypeCode>VAT</cbc:TaxTypeCode>
                </cac:TaxScheme>
            </cac:TaxCategory>
        </cac:TaxSubtotal>
    </cac:TaxTotal>
    <cac:LegalMonetaryTotal>
        <cbc:LineExtensionAmount currencyID="USD">941.33</cbc:LineExtensionAmount>
        <cbc:TaxInclusiveAmount currencyID="USD">1110.77</cbc:TaxInclusiveAmount>
        <cbc:PayableAmount currencyID="USD">1110.77</cbc:PayableAmount>
    </cac:LegalMonetaryTotal>
    <cac:InvoiceLine>
        <cbc:ID>1</cbc:ID>
        <cbc:InvoicedQuantity unitCode="NIU" unitCodeListAgencyID="UNIDAD BIENES">1.0000000000</cbc:InvoicedQuantity>
        <cbc:LineExtensionAmount currencyID="USD">817.33</cbc:LineExtensionAmount>
        <cac:PricingReference>
            <cac:AlternativeConditionPrice>
                <cbc:PriceAmount currencyID="USD">964.4470400000</cbc:PriceAmount>
                <cbc:PriceTypeCode>01</cbc:PriceTypeCode>
            </cac:AlternativeConditionPrice>
        </cac:PricingReference>
        <cac:AllowanceCharge>
            <cbc:ChargeIndicator>false</cbc:ChargeIndicator>
            <cbc:AllowanceChargeReasonCode>00</cbc:AllowanceChargeReasonCode>
            <cbc:Amount currencyID="USD">204.33</cbc:Amount>
        </cac:AllowanceCharge>
        <cac:TaxTotal>
            <cbc:TaxAmount currencyID="USD">147.12</cbc:TaxAmount>
            <cac:TaxSubtotal>
                <cbc:TaxableAmount currencyID="USD">817.33</cbc:TaxableAmount>
                <cbc:TaxAmount currencyID="USD">147.12</cbc:TaxAmount>
                <cac:TaxCategory>
                    <cbc:Percent>18</cbc:Percent>
                    <cbc:TaxExemptionReasonCode>10</cbc:TaxExemptionReasonCode>
                    <cac:TaxScheme>
                        <cbc:ID>1000</cbc:ID>
                        <cbc:Name><![CDATA[IGV]]></cbc:Name>
                        <cbc:TaxTypeCode>VAT</cbc:TaxTypeCode>
                    </cac:TaxScheme>
                </cac:TaxCategory>
            </cac:TaxSubtotal>
        </cac:TaxTotal>
        <cac:Item>
            <cbc:Description><![CDATA[PTA.DEL.COMPLETA LD]]></cbc:Description>
            <cac:SellersItemIdentification>
                <cbc:ID>25101503</cbc:ID>
            </cac:SellersItemIdentification>
        </cac:Item>
        <cac:Price>
            <cbc:PriceAmount currencyID="USD">1021.6600000000</cbc:PriceAmount>
        </cac:Price>
    </cac:InvoiceLine>
    <cac:InvoiceLine>
        <cbc:ID>2</cbc:ID>
        <cbc:InvoicedQuantity unitCode="NIU" unitCodeListAgencyID="UNIDAD BIENES">1.0000000000</cbc:InvoicedQuantity>
        <cbc:LineExtensionAmount currencyID="USD">124.00</cbc:LineExtensionAmount>
        <cac:PricingReference>
            <cac:AlternativeConditionPrice>
                <cbc:PriceAmount currencyID="USD">146.3200000000</cbc:PriceAmount>
                <cbc:PriceTypeCode>01</cbc:PriceTypeCode>
            </cac:AlternativeConditionPrice>
        </cac:PricingReference>
        <cac:AllowanceCharge>
            <cbc:ChargeIndicator>false</cbc:ChargeIndicator>
            <cbc:AllowanceChargeReasonCode>00</cbc:AllowanceChargeReasonCode>
            <cbc:Amount currencyID="USD">31.00</cbc:Amount>
        </cac:AllowanceCharge>
        <cac:TaxTotal>
            <cbc:TaxAmount currencyID="USD">22.32</cbc:TaxAmount>
            <cac:TaxSubtotal>
                <cbc:TaxableAmount currencyID="USD">124.00</cbc:TaxableAmount>
                <cbc:TaxAmount currencyID="USD">22.32</cbc:TaxAmount>
                <cac:TaxCategory>
                    <cbc:Percent>18</cbc:Percent>
                    <cbc:TaxExemptionReasonCode>10</cbc:TaxExemptionReasonCode>
                    <cac:TaxScheme>
                        <cbc:ID>1000</cbc:ID>
                        <cbc:Name><![CDATA[IGV]]></cbc:Name>
                        <cbc:TaxTypeCode>VAT</cbc:TaxTypeCode>
                    </cac:TaxScheme>
                </cac:TaxCategory>
            </cac:TaxSubtotal>
        </cac:TaxTotal>
        <cac:Item>
            <cbc:Description><![CDATA[MOLD.EXT.DE PTA.DEL.LD]]></cbc:Description>
            <cac:SellersItemIdentification>
                <cbc:ID>25101503</cbc:ID>
            </cac:SellersItemIdentification>
        </cac:Item>
        <cac:Price>
            <cbc:PriceAmount currencyID="USD">155.0000000000</cbc:PriceAmount>
        </cac:Price>
    </cac:InvoiceLine>
</Invoice>